0.025,0.05,0.25,0.75,0.95,0.975,estimate,stat,method,data_seed,boot_seed,n_l3,n_l2,n_l1,rand_eff_dgp,replication_id
-0.3416191623261941,-0.20202586391793612,0.12791176844892382,0.5059877046763563,0.8359254015634929,0.9755190477330761,0.3169497139090849,mu,likelihood-profile,8047133337562467477,277495415,5,4,8,norm,0
0.28546326834383273,0.322792295341995,0.45258724641136755,0.7400577271570997,1.1277152718382537,1.3171702683914523,0.6500991504249539,sd_l3,likelihood-profile,8047133337562467477,277495415,5,4,8,norm,0
0.2082572862670961,0.2309765491459994,0.3050793932893653,0.4322423250581427,0.5554410884398803,0.6040512349457907,0.3638769650009023,sd_l2,likelihood-profile,8047133337562467477,277495415,5,4,8,norm,0
-0.2747727765065756,-0.1568191497208526,0.11174078885549359,0.5462975170549778,0.8341105602354809,0.9216012489059406,0.3169497139090849,mu,parametric-percentile-boot,8047133337562467477,277495415,5,4,8,norm,0
2.2635630581970354e-05,0.1642521008433349,0.41527313130162197,0.7614160992124007,1.0288409132572163,1.113139608103258,0.6500991504249539,sd_l3,parametric-percentile-boot,8047133337562467477,277495415,5,4,8,norm,0
0.14540088605356874,0.18961864440891898,0.2949396749029103,0.41416247331031386,0.5091826572844574,0.5432946205268152,0.3638769650009023,sd_l2,parametric-percentile-boot,8047133337562467477,277495415,5,4,8,norm,0
-0.2728566535419506,-0.2009575745899805,0.10290952814900199,0.5071455592587086,0.8446797408354138,0.9388364791819868,0.3169497139090849,mu,cases-percentile-boot,8047133337562467477,277495415,5,4,8,norm,0
3.81521257510091e-06,0.19095074281792457,0.47787375885538197,0.7048046426665021,0.8415394105483698,0.8950522166291645,0.6500991504249539,sd_l3,cases-percentile-boot,8047133337562467477,277495415,5,4,8,norm,0
0.1569989791191942,0.1856761821016583,0.2934434060961175,0.4327098335386794,0.5120011302544477,0.538250543971676,0.3638769650009023,sd_l2,cases-percentile-boot,8047133337562467477,277495415,5,4,8,norm,0
-0.5601695436450255,-0.5601695436450255,0.09362620773207121,0.5375149444362474,1.155592077432177,1.155592077432177,0.3169497139090849,mu,cases-double-boot,8047133337562467477,277495415,5,4,8,norm,0
0.43515793800516844,0.48125393098139363,0.6047458963067194,0.7883027429306974,1.0782696651282737,1.0782696651282737,0.6500991504249539,sd_l3,cases-double-boot,8047133337562467477,277495415,5,4,8,norm,0
0.24073424673538513,0.26853640818502866,0.32992870106947214,0.43000358325458243,0.5040778804885844,0.5421108986308574,0.3638769650009023,sd_l2,cases-double-boot,8047133337562467477,277495415,5,4,8,norm,0
-0.42090576172813926,-0.3314907563103939,-0.1201527089521892,0.12201982016092658,0.33335790682168787,0.42277313523689064,0.0009335400830014998,mu,likelihood-profile,4313455233290741489,7418903,5,4,8,norm,1
0.0,0.0,0.10186756371923504,0.3920790913836611,0.6712752094613096,0.8002268565788191,0.3170590686841874,sd_l3,likelihood-profile,4313455233290741489,7418903,5,4,8,norm,1
0.3672380308735147,0.39255801063742823,0.4814345183510764,0.6457848294782541,0.8082253991310022,0.8677204085442474,0.5562164054476312,sd_l2,likelihood-profile,4313455233290741489,7418903,5,4,8,norm,1
-0.3735681435649107,-0.32030147324770175,-0.12808881301584313,0.13037075107438176,0.3280036099567232,0.36972613260583836,0.0009335400830014998,mu,parametric-percentile-boot,4313455233290741489,7418903,5,4,8,norm,1
0.0,0.0,0.0002963537411592116,0.4171961649363001,0.6104763499900692,0.6722166701287894,0.3170590686841874,sd_l3,parametric-percentile-boot,4313455233290741489,7418903,5,4,8,norm,1
0.312396900441976,0.3469068650581024,0.46091532538379537,0.6152039147194829,0.7267318055924893,0.7672316343860132,0.5562164054476312,sd_l2,parametric-percentile-boot,4313455233290741489,7418903,5,4,8,norm,1
-0.45650675730235996,-0.37603090608212864,-0.1449797276303311,0.16514424115118187,0.3580641370278304,0.4184161297020543,0.0009335400830014998,mu,cases-percentile-boot,4313455233290741489,7418903,5,4,8,norm,1
0.0,0.0,0.1964627697088696,0.48728487934598635,0.6587141757471833,0.7079277329026966,0.3170590686841874,sd_l3,cases-percentile-boot,4313455233290741489,7418903,5,4,8,norm,1
0.22511295357095748,0.2773416769346701,0.4093062980114882,0.5917782334176852,0.7383519994325975,0.7762677260468307,0.5562164054476312,sd_l2,cases-percentile-boot,4313455233290741489,7418903,5,4,8,norm,1
-0.6579596234741035,-0.4936339859388936,-0.17556917397356345,0.15622546373162394,0.37546410976979827,0.6201249498613121,0.0009335400830014998,mu,cases-double-boot,4313455233290741489,7418903,5,4,8,norm,1
0.0,0.0,0.20466832405579674,0.4016089657440095,0.5351466233902232,0.5805385908133066,0.3170590686841874,sd_l3,cases-double-boot,4313455233290741489,7418903,5,4,8,norm,1
0.39305754571317064,0.42003908183328914,0.5228389054837393,0.7217619124583838,0.8914615287685963,0.8914615287685963,0.5562164054476312,sd_l2,cases-double-boot,4313455233290741489,7418903,5,4,8,norm,1
-0.06866548554577398,-0.0406227467892466,0.04339794551473511,0.15799199883569442,0.24201269111121293,0.27005543042488517,0.10069497219216575,mu,likelihood-profile,10856316263473710281,1574589735,50,4,8,norm,0
0.39677643186391204,0.41514618655141433,0.47485930386319813,0.5692379335971013,0.6486421656880398,0.6770559834454868,0.5270746032408519,sd_l3,likelihood-profile,10856316263473710281,1574589735,50,4,8,norm,0
0.48507334849102557,0.49515818792019584,0.5278658511786697,0.5780037470970566,0.6179542015422371,0.6317141312981971,0.5522059069752469,sd_l2,likelihood-profile,10856316263473710281,1574589735,50,4,8,norm,0
-0.07146011496049769,-0.04268956180158866,0.04131135914288894,0.16347013550136227,0.24632854305645063,0.27934568930452325,0.10069497219216575,mu,parametric-percentile-boot,10856316263473710281,1574589735,50,4,8,norm,0
0.38374297205010355,0.4045911049000898,0.4807185311898499,0.5703831268243156,0.638727854919149,0.6622734766066212,0.5270746032408519,sd_l3,parametric-percentile-boot,10856316263473710281,1574589735,50,4,8,norm,0
0.4808462903091861,0.49334851938826024,0.5279111251290441,0.5787560128266191,0.6150999703335267,0.6261359336026039,0.5522059069752469,sd_l2,parametric-percentile-boot,10856316263473710281,1574589735,50,4,8,norm,0
-0.09581148816605253,-0.06494068817415155,0.03363689395736839,0.16197798035294578,0.24636645555232906,0.2836902620928139,0.10069497219216575,mu,cases-percentile-boot,10856316263473710281,1574589735,50,4,8,norm,0
0.4568074956676536,0.4846155650441315,0.54903878387159,0.6413122651933618,0.7019393199977777,0.7204407054379135,0.5270746032408519,sd_l3,cases-percentile-boot,10856316263473710281,1574589735,50,4,8,norm,0
0.42824785406793964,0.44393043094750056,0.4859793980454086,0.5434216318991687,0.5871813125037889,0.5988683998268967,0.5522059069752469,sd_l2,cases-percentile-boot,10856316263473710281,1574589735,50,4,8,norm,0
-0.10553057363757093,-0.05403121231518579,0.03587031051675014,0.16473406541968963,0.2538911016216955,0.29269442496754655,0.10069497219216575,mu,cases-double-boot,10856316263473710281,1574589735,50,4,8,norm,0
0.2996056466487861,0.2996056466487861,0.44848095414977024,0.5245511790652752,0.5726594423744139,0.5914384889497757,0.5270746032408519,sd_l3,cases-double-boot,10856316263473710281,1574589735,50,4,8,norm,0
0.5157837986932493,0.5244120627655615,0.5589000282168602,0.6023320068046428,0.6516047358045441,0.6516047358045441,0.5522059069752469,sd_l2,cases-double-boot,10856316263473710281,1574589735,50,4,8,norm,0
-0.18565175719407578,-0.15507659192299897,-0.06346832855437821,0.06147425792322915,0.15308252142113976,0.1836576873251764,-0.0009970353059999303,mu,likelihood-profile,6359352876902104282,1368517706,50,4,8,norm,1
0.460773908392609,0.4793359575805027,0.5406546697958248,0.6395086443421224,0.7237228187125193,0.7540062517477774,0.5951602977209953,sd_l3,likelihood-profile,6359352876902104282,1368517706,50,4,8,norm,1
0.4587075188216101,0.4685066143246576,0.5002466647966527,0.5488148417997732,0.5874428728701402,0.600737312652224,0.5238363941325419,sd_l2,likelihood-profile,6359352876902104282,1368517706,50,4,8,norm,1
-0.19625042278459418,-0.162921019739283,-0.06357351784655056,0.0642418880246429,0.1549381262700795,0.17854831168064345,-0.0009970353059999303,mu,parametric-percentile-boot,6359352876902104282,1368517706,50,4,8,norm,1
0.4431522630823162,0.4648994496116879,0.5370293814680783,0.6434301551249629,0.7126514973010688,0.7339139190009022,0.5951602977209953,sd_l3,parametric-percentile-boot,6359352876902104282,1368517706,50,4,8,norm,1
0.4556842069262674,0.4651849685853167,0.5005211265980951,0.5452041172365293,0.5818341682991691,0.5923063324760873,0.5238363941325419,sd_l2,parametric-percentile-boot,6359352876902104282,1368517706,50,4,8,norm,1
-0.19533744145661064,-0.16408420508878663,-0.07352465946597599,0.06634780556590712,0.16350312466468706,0.19317142050397582,-0.0009970353059999303,mu,cases-percentile-boot,6359352876902104282,1368517706,50,4,8,norm,1
0.497638922823759,0.5252948310622155,0.6029498519583383,0.7040479490015484,0.783755123121436,0.8038453142220652,0.5951602977209953,sd_l3,cases-percentile-boot,6359352876902104282,1368517706,50,4,8,norm,1
0.39888579940092433,0.41822390396796266,0.46026005108793305,0.5187966858461256,0.5647369929152484,0.577290241236381,0.5238363941325419,sd_l2,cases-percentile-boot,6359352876902104282,1368517706,50,4,8,norm,1
-0.20067189333004182,-0.17642176585284808,-0.0776428081986766,0.06455979111617711,0.1745972093496766,0.19776755555146433,-0.0009970353059999303,mu,cases-double-boot,6359352876902104282,1368517706,50,4,8,norm,1
0.41517872946323625,0.41517872946323625,0.5118601549980649,0.6012041643340852,0.6691580017870232,0.6969528881597432,0.5951602977209953,sd_l3,cases-double-boot,6359352876902104282,1368517706,50,4,8,norm,1
0.48187135986527835,0.49294318599183573,0.5240477973469428,0.5813914480725253,0.6146517032713047,0.6146517032713047,0.5238363941325419,sd_l2,cases-double-boot,6359352876902104282,1368517706,50,4,8,norm,1
-0.8111282021950303,-0.6631990152501035,-0.31355898068662,0.08709396485398681,0.43673406552168514,0.584663621682928,-0.1132325329278645,mu,likelihood-profile,15401095258408993931,76872120,5,4,8,t,0
0.21545778349326394,0.27783586455425413,0.4437838784068504,0.763983060195259,1.1818372725156006,1.3845019597723873,0.6654536118104682,sd_l3,likelihood-profile,15401095258408993931,76872120,5,4,8,t,0
0.3570023574290056,0.3807433242660615,0.46448501304815376,0.6202959012955548,0.7776353634416315,0.8406214823471774,0.5352697177069201,sd_l2,likelihood-profile,15401095258408993931,76872120,5,4,8,t,0
-0.7559166615460944,-0.6485753592623511,-0.32183408360831467,0.11153594703686223,0.4554992648487475,0.5514333257545153,-0.1132325329278645,mu,parametric-percentile-boot,15401095258408993931,76872120,5,4,8,t,0
3.099009564282697e-07,0.13785174639487469,0.4331403109128605,0.7910207217363959,1.0622795473975253,1.1778047593476713,0.6654536118104682,sd_l3,parametric-percentile-boot,15401095258408993931,76872120,5,4,8,t,0
0.298512204921502,0.3294597447274957,0.4441894485405228,0.5979157075392606,0.7158502960575575,0.7534739695422362,0.5352697177069201,sd_l2,parametric-percentile-boot,15401095258408993931,76872120,5,4,8,t,0
-0.6543458547037417,-0.598321883020265,-0.35654909981441957,0.0824607084503722,0.474053459411952,0.5491853795476305,-0.1132325329278645,mu,cases-percentile-boot,15401095258408993931,76872120,5,4,8,t,0
0.0,0.0,0.25228140489226153,0.8164175336064858,0.9826979882396139,1.0419957227598378,0.6654536118104682,sd_l3,cases-percentile-boot,15401095258408993931,76872120,5,4,8,t,0
0.2589323186821274,0.29932787722706083,0.4135214038584251,0.5662455361733169,0.6658854960011851,0.6984041205984239,0.5352697177069201,sd_l2,cases-percentile-boot,15401095258408993931,76872120,5,4,8,t,0
-0.6674083457951259,-0.5698442418251417,-0.31961322358270705,0.3041465041857317,0.9847956723887609,0.9847956723887609,-0.1132325329278645,mu,cases-double-boot,15401095258408993931,76872120,5,4,8,t,0
7.793993709864257e-06,0.0711619180846018,0.48566746133608585,1.0684696879301736,1.2655794637058786,1.2655794637058786,0.6654536118104682,sd_l3,cases-double-boot,15401095258408993931,76872120,5,4,8,t,0
0.40768682124454014,0.4283729085768607,0.5120309360721549,0.6587325256283808,0.7738426375475025,0.7738426375475025,0.5352697177069201,sd_l2,cases-double-boot,15401095258408993931,76872120,5,4,8,t,0
-0.753039910865388,-0.5982401250415612,-0.2323609846658452,0.18690037369125334,0.5527795811903061,0.7075797565105071,-0.022730332599775728,mu,likelihood-profile,12128159379223468684,897947065,5,4,8,t,1
0.25235438197129006,0.30936787382853875,0.47395714768684544,0.8047215516456333,1.2401370823578288,1.4517237167855799,0.7024730617186334,sd_l3,likelihood-profile,12128159379223468684,897947065,5,4,8,t,1
0.35005256458285877,0.3741113604040605,0.45859218834390636,0.6149560873780303,0.7723921976728939,0.8353467357447757,0.5297156395748992,sd_l2,likelihood-profile,12128159379223468684,897947065,5,4,8,t,1
-0.6632115481776177,-0.5653840984394752,-0.2380115367711741,0.2110153662564541,0.5064370189027027,0.60043373537415,-0.022730332599775728,mu,parametric-percentile-boot,12128159379223468684,897947065,5,4,8,t,1
2.166744715469872e-07,0.10751465429672417,0.46449788614600995,0.8492691315937657,1.145152573820957,1.2255603427773942,0.7024730617186334,sd_l3,parametric-percentile-boot,12128159379223468684,897947065,5,4,8,t,1
0.2952585978337132,0.3325338927649565,0.43586154944487365,0.5901327642054213,0.710319561453517,0.754709366888845,0.5297156395748992,sd_l2,parametric-percentile-boot,12128159379223468684,897947065,5,4,8,t,1
-0.7922635478163613,-0.6470776731523743,-0.2450842625378414,0.20747985865859928,0.4590416954978727,0.4996300918931534,-0.022730332599775728,mu,cases-percentile-boot,12128159379223468684,897947065,5,4,8,t,1
0.0,0.0,0.3252445769339265,0.8638130936171919,1.057256392039904,1.1073382011230097,0.7024730617186334,sd_l3,cases-percentile-boot,12128159379223468684,897947065,5,4,8,t,1
0.2856312184492923,0.32982917347563645,0.42832551604736335,0.5598355349369953,0.6435242373204567,0.6734889298153236,0.5297156395748992,sd_l2,cases-percentile-boot,12128159379223468684,897947065,5,4,8,t,1
-1.4300231544605702,-1.4300231544605702,-0.40562170381768564,0.1747536474012781,0.46920718059808003,0.5117174577684508,-0.022730332599775728,mu,cases-double-boot,12128159379223468684,897947065,5,4,8,t,1
0.030334988361440315,0.15480651327859196,0.5414158567404415,1.119549052931034,1.2907186497312113,1.2907186497312113,0.7024730617186334,sd_l3,cases-double-boot,12128159379223468684,897947065,5,4,8,t,1
0.4259137446486791,0.4474095315440186,0.5117352840855874,0.6023451713877798,0.880615507682714,0.880615507682714,0.5297156395748992,sd_l2,cases-double-boot,12128159379223468684,897947065,5,4,8,t,1
-0.09314195363602853,-0.06757949088035949,0.009009895210195431,0.11346854965191863,0.19005793510555088,0.2156204015166779,0.06123922245691267,mu,likelihood-profile,8431968903993378556,838768561,50,4,8,t,0
0.32116444837707814,0.34051043009927223,0.4012693654040637,0.4935463239778372,0.5693510852654838,0.5962396258104129,0.4526583655764075,sd_l3,likelihood-profile,8431968903993378556,838768561,50,4,8,t,0
0.5156419954322797,0.5262989274652885,0.5608715276750568,0.6138886663338534,0.6561501139061329,0.6707084127477032,0.5866063861552435,sd_l2,likelihood-profile,8431968903993378556,838768561,50,4,8,t,0
-0.08743332213736259,-0.06506045049685373,0.01595385837143717,0.11790734316875771,0.1920241994553769,0.2193803700714883,0.06123922245691267,mu,parametric-percentile-boot,8431968903993378556,838768561,50,4,8,t,0
0.3083615120667743,0.3286850779003873,0.4030685739161682,0.4987581823329852,0.5594452751621644,0.5801575478217317,0.4526583655764075,sd_l3,parametric-percentile-boot,8431968903993378556,838768561,50,4,8,t,0
0.5099460418721299,0.5219963852571123,0.5582817770209927,0.6113849974869806,0.6474024971316117,0.6572612552028855,0.5866063861552435,sd_l2,parametric-percentile-boot,8431968903993378556,838768561,50,4,8,t,0
-0.11762504627144231,-0.08862774994005831,0.00016917469773889104,0.12233354851992102,0.20618478107391147,0.2360160661047059,0.06123922245691267,mu,cases-percentile-boot,8431968903993378556,838768561,50,4,8,t,0
0.3579316694294653,0.37975412167455247,0.4723642902239954,0.6021329700830889,0.6919862177936386,0.7362514366941664,0.4526583655764075,sd_l3,cases-percentile-boot,8431968903993378556,838768561,50,4,8,t,0
0.3863734445766019,0.4034139671390487,0.4608632615189773,0.5938819899080668,0.7073681959586433,0.7425835122281288,0.5866063861552435,sd_l2,cases-percentile-boot,8431968903993378556,838768561,50,4,8,t,0
-0.12599759570176694,-0.1017972124860638,0.00011665333134149748,0.11922699664037703,0.2107186830881918,0.24210140863285204,0.06123922245691267,mu,cases-double-boot,8431968903993378556,838768561,50,4,8,t,0
0.2168960705418546,0.2168960705418546,0.34500897509225203,0.4517917578524651,0.5332019364480671,0.5543207791206896,0.4526583655764075,sd_l3,cases-double-boot,8431968903993378556,838768561,50,4,8,t,0
0.4682118905780294,0.4872524789400037,0.5805996841742131,0.8636106908832173,0.8636106908832173,0.8636106908832173,0.5866063861552435,sd_l2,cases-double-boot,8431968903993378556,838768561,50,4,8,t,0
-0.21824665277165295,-0.1907579101704593,-0.1083970750962785,0.003933117089533901,0.0862939522747348,0.11378269544261616,-0.05223197899854857,mu,likelihood-profile,14294435893030809929,1897878948,50,4,8,t,1
0.3972604249029666,0.4148108223308839,0.4721819295668564,0.5634780330541086,0.6406092885298147,0.6682640137379801,0.5226360818824014,sd_l3,likelihood-profile,14294435893030809929,1897878948,50,4,8,t,1
0.45347731602595237,0.46309031533184836,0.49424059706578194,0.5419221702583094,0.5798728432765142,0.5929363260202684,0.5173963093950844,sd_l2,likelihood-profile,14294435893030809929,1897878948,50,4,8,t,1
-0.22733735135492517,-0.19223653710670274,-0.11374580814135,0.009884462009066324,0.09532049452688039,0.12547570799841515,-0.05223197899854857,mu,parametric-percentile-boot,14294435893030809929,1897878948,50,4,8,t,1
0.3931680262224482,0.4075846827302368,0.472600439329186,0.562885112236211,0.6308843620038685,0.6477945571077715,0.5226360818824014,sd_l3,parametric-percentile-boot,14294435893030809929,1897878948,50,4,8,t,1
0.4457717844916385,0.45630222143476373,0.49317509689337613,0.5386718625243991,0.5726912627554164,0.5809612901177196,0.5173963093950844,sd_l2,parametric-percentile-boot,14294435893030809929,1897878948,50,4,8,t,1
-0.24395993228708943,-0.20542772316431956,-0.11593053594429796,0.011661283737070762,0.10404402630217108,0.1352818095695325,-0.05223197899854857,mu,cases-percentile-boot,14294435893030809929,1897878948,50,4,8,t,1
0.4348037039512317,0.45906120890619895,0.5297489873569614,0.6325712098887357,0.7027503190067703,0.7304805000455669,0.5226360818824014,sd_l3,cases-percentile-boot,14294435893030809929,1897878948,50,4,8,t,1
0.35026778204417025,0.36768239991097146,0.42116262277292554,0.5340654299480904,0.6208425626126675,0.6481229858643748,0.5173963093950844,sd_l2,cases-percentile-boot,14294435893030809929,1897878948,50,4,8,t,1
-0.24852621041838888,-0.21119686852147687,-0.11826756146218527,0.013448115752106145,0.11433850885839007,0.17051754226345361,-0.05223197899854857,mu,cases-double-boot,14294435893030809929,1897878948,50,4,8,t,1
0.2894034934518311,0.2894034934518311,0.42773073005071893,0.5230400075292958,0.5923756729235333,0.6096059369464366,0.5226360818824014,sd_l3,cases-double-boot,14294435893030809929,1897878948,50,4,8,t,1
0.4224719393008389,0.4473667345290205,0.5039397305229829,0.8105166625797023,0.8105166625797023,0.8105166625797023,0.5173963093950844,sd_l2,cases-double-boot,14294435893030809929,1897878948,50,4,8,t,1
-0.27908155142891633,-0.18883159224206783,0.024479922003166295,0.26891384947925184,0.4822254029316387,0.5724755873709365,0.14669686992367448,mu,likelihood-profile,656678312333968958,630833785,5,4,8,lognorm,0
0.07692585490604625,0.13772240044585426,0.25637862618522034,0.45848215323837854,0.7161178611315124,0.8404718697475572,0.3970678970758708,sd_l3,likelihood-profile,656678312333968958,630833785,5,4,8,lognorm,0
0.14543384991226838,0.17217094588996118,0.2509776983781633,0.3753028043227531,0.49150413470066456,0.5368610795968307,0.30937771087095783,sd_l2,likelihood-profile,656678312333968958,630833785,5,4,8,lognorm,0
-0.26238272152073394,-0.19055867735964044,0.023388031993941252,0.28229538229206014,0.4750320590940463,0.5256459809660702,0.14669686992367448,mu,parametric-percentile-boot,656678312333968958,630833785,5,4,8,lognorm,0
0.0,1.297770990749324e-06,0.24137469164953132,0.4744212256765164,0.6467793953216425,0.7225003886261456,0.3970678970758708,sd_l3,parametric-percentile-boot,656678312333968958,630833785,5,4,8,lognorm,0
0.07334906127307567,0.1264324364073519,0.2406554751303446,0.3594025048637961,0.45199179978905085,0.47434727195080306,0.30937771087095783,sd_l2,parametric-percentile-boot,656678312333968958,630833785,5,4,8,lognorm,0
-0.22618736816508353,-0.17083428049942329,0.010991813282347246,0.28748340415728335,0.4845567962769081,0.5802851269310216,0.14669686992367448,mu,cases-percentile-boot,656678312333968958,630833785,5,4,8,lognorm,0
0.0,0.0,0.2300321245162389,0.49902155489874234,0.6355319916944253,0.683504546087475,0.3970678970758708,sd_l3,cases-percentile-boot,656678312333968958,630833785,5,4,8,lognorm,0
0.1457586523924961,0.18032535703062186,0.2687903443725788,0.3820211187227515,0.45374763347569735,0.4823489254412771,0.30937771087095783,sd_l2,cases-percentile-boot,656678312333968958,630833785,5,4,8,lognorm,0
-0.3349558668412635,-0.1890078825320761,0.020720423158746577,0.3076140538651272,0.5988288507238123,0.7869738656965013,0.14669686992367448,mu,cases-double-boot,656678312333968958,630833785,5,4,8,lognorm,0
0.09880159957022273,0.14988111654783362,0.3075380114925203,0.5556780112488824,0.816801787455695,0.816801787455695,0.3970678970758708,sd_l3,cases-double-boot,656678312333968958,630833785,5,4,8,lognorm,0
0.2030128254230623,0.2234161754995186,0.27748085791817173,0.3489203796458717,0.400539683597426,0.4126768062201211,0.30937771087095783,sd_l2,cases-double-boot,656678312333968958,630833785,5,4,8,lognorm,0
-0.47428799134553884,-0.3724338250807873,-0.13169503135866034,0.1441678333406715,0.3849066903779637,0.48676111194097826,0.006236393035329147,mu,likelihood-profile,3138935928678903977,2004681801,5,4,8,lognorm,1
0.0,0.0,0.12385339815148075,0.4437976035921679,0.7629992663625464,0.9101468152791417,0.3574972608572911,sd_l3,likelihood-profile,3138935928678903977,2004681801,5,4,8,lognorm,1
0.4540409141239484,0.48113575254687846,0.5780677030069863,0.7613638710808402,0.9439924158861766,1.0109417111746752,0.6610276467349236,sd_l2,likelihood-profile,3138935928678903977,2004681801,5,4,8,lognorm,1
-0.4241989203708969,-0.35274071667310786,-0.14536809309806276,0.15268251326689156,0.3691856436765542,0.43845000748417384,0.006236393035329147,mu,parametric-percentile-boot,3138935928678903977,2004681801,5,4,8,lognorm,1
0.0,0.0,0.0013429583400356637,0.47201260681903745,0.6918322534806648,0.78180250774137,0.3574972608572911,sd_l3,parametric-percentile-boot,3138935928678903977,2004681801,5,4,8,lognorm,1
0.3686365753849152,0.42417340661466113,0.5426604319698014,0.7223943490766775,0.8514422309581309,0.9026907671504842,0.6610276467349236,sd_l2,parametric-percentile-boot,3138935928678903977,2004681801,5,4,8,lognorm,1
-0.4396276388691291,-0.3819349959558979,-0.17693760515430224,0.16051859701515886,0.4378889983511004,0.5701219610644006,0.006236393035329147,mu,cases-percentile-boot,3138935928678903977,2004681801,5,4,8,lognorm,1
0.0,0.0,0.23402840230756072,0.5567627926999442,0.7789468444288377,0.8476957650200397,0.3574972608572911,sd_l3,cases-percentile-boot,3138935928678903977,2004681801,5,4,8,lognorm,1
0.145558777521577,0.20032469328035896,0.37514291389080207,0.732962446166599,0.9488464557826721,0.9907738743584098,0.6610276467349236,sd_l2,cases-percentile-boot,3138935928678903977,2004681801,5,4,8,lognorm,1
-0.4485218489514416,-0.36715429090121776,-0.1384487025978284,0.23287817132174743,0.9724332373541935,0.9724332373541935,0.006236393035329147,mu,cases-double-boot,3138935928678903977,2004681801,5,4,8,lognorm,1
0.0,6.173286575568623e-05,0.26133840213968607,0.4731911808493395,0.8033880410436158,1.1061631127659268,0.3574972608572911,sd_l3,cases-double-boot,3138935928678903977,2004681801,5,4,8,lognorm,1
0.3249294647842816,0.38164604524881657,0.6085107025245805,1.157995289256739,1.157995289256739,1.157995289256739,0.6610276467349236,sd_l2,cases-double-boot,3138935928678903977,2004681801,5,4,8,lognorm,1
-0.19164931628462234,-0.16604087057338768,-0.08931371295866586,0.015332846031685606,0.09206000303590238,0.11766845238662763,-0.0369904334266206,mu,likelihood-profile,2367660689161650935,1367580583,50,4,8,lognorm,0
0.2951583727556643,0.31663792840847205,0.3823003428589655,0.4790618699135582,0.5572567137350303,0.5848244700689536,0.43644248012762166,sd_l3,likelihood-profile,2367660689161650935,1367580583,50,4,8,lognorm,0
0.5668298304060214,0.5780291379346569,0.6144324890810854,0.670430645797198,0.7151879836764444,0.7306263084415276,0.6415910665298079,sd_l2,likelihood-profile,2367660689161650935,1367580583,50,4,8,lognorm,0
-0.18806113481232253,-0.16714060886817067,-0.09236836389899186,0.013003780502456904,0.08925027240490811,0.11462204218337278,-0.0369904334266206,mu,parametric-percentile-boot,2367660689161650935,1367580583,50,4,8,lognorm,0
0.2696970467463246,0.2958237723623913,0.37698137772257995,0.4775787027322902,0.5463078860617627,0.573622861438599,0.43644248012762166,sd_l3,parametric-percentile-boot,2367660689161650935,1367580583,50,4,8,lognorm,0
0.5613717100765853,0.5740987041692583,0.6137287637045427,0.6708581924175548,0.7091784043611761,0.7195680067669328,0.6415910665298079,sd_l2,parametric-percentile-boot,2367660689161650935,1367580583,50,4,8,lognorm,0
-0.1872848426713542,-0.16429374625986135,-0.09412799873811442,0.021877431075301438,0.12323220795796219,0.15411046034717193,-0.0369904334266206,mu,cases-percentile-boot,2367660689161650935,1367580583,50,4,8,lognorm,0
0.2782748516910998,0.3207414590993169,0.43518033449555166,0.6177072844777352,0.7680289101544734,0.8450906325884217,0.43644248012762166,sd_l3,cases-percentile-boot,2367660689161650935,1367580583,50,4,8,lognorm,0
0.32787558119026944,0.34577655088522335,0.4178524345755028,0.6743365447604098,0.8697487664707222,0.9390352331034768,0.6415910665298079,sd_l2,cases-percentile-boot,2367660689161650935,1367580583,50,4,8,lognorm,0
-0.17383992876264023,-0.1541487319601568,-0.08099097043657387,0.023526969652028867,0.1325106001869629,0.34651486039302726,-0.0369904334266206,mu,cases-double-boot,2367660689161650935,1367580583,50,4,8,lognorm,0
0.17017352376471542,0.17017352376471542,0.31101217371137524,0.4537724661737193,0.6043784998617154,0.6757941873380714,0.43644248012762166,sd_l3,cases-double-boot,2367660689161650935,1367580583,50,4,8,lognorm,0
0.4108397136090464,0.4269469094229622,0.6203912331914936,1.2309045791420756,1.2309045791420756,1.2309045791420756,0.6415910665298079,sd_l2,cases-double-boot,2367660689161650935,1367580583,50,4,8,lognorm,0
-0.1840277801284821,-0.16446501156142676,-0.1058517023481525,-0.02591024620892065,0.03270306701078375,0.05226583710145859,-0.06588097433736753,mu,likelihood-profile,5079028617444733642,1454401660,50,4,8,lognorm,1
0.0,0.0,0.12858221802824732,0.26169735487658685,0.341863301207173,0.3680278274221833,0.2106624693275668,sd_l3,likelihood-profile,5079028617444733642,1454401660,50,4,8,lognorm,1
0.6140768555697029,0.6261041216149454,0.665212658485802,0.7254064697247844,0.7733870522292645,0.7898189248593566,0.6944011340678724,sd_l2,likelihood-profile,5079028617444733642,1454401660,50,4,8,lognorm,1
-0.18153839439095018,-0.16631501128793305,-0.10591580797700542,-0.026219015904422466,0.035655579850230455,0.04848761943904589,-0.06588097433736753,mu,parametric-percentile-boot,5079028617444733642,1454401660,50,4,8,lognorm,1
0.0,0.0,0.12856652288944434,0.2628490025068028,0.33606277415765606,0.3533121564995414,0.2106624693275668,sd_l3,parametric-percentile-boot,5079028617444733642,1454401660,50,4,8,lognorm,1
0.6086825819343157,0.6203038590824419,0.6612002281260564,0.7244836979404597,0.7603680577781594,0.7794077877082494,0.6944011340678724,sd_l2,parametric-percentile-boot,5079028617444733642,1454401660,50,4,8,lognorm,1
-0.20795858707429726,-0.18385217966997364,-0.11940496492152551,-0.022106468633419814,0.06493942751831029,0.08959449841988427,-0.06588097433736753,mu,cases-percentile-boot,5079028617444733642,1454401660,50,4,8,lognorm,1
0.2195834466639233,0.2539453163509254,0.3286663237220668,0.46265185579478185,0.5936638694699319,0.6785957150318441,0.2106624693275668,sd_l3,cases-percentile-boot,5079028617444733642,1454401660,50,4,8,lognorm,1
0.3587957259402678,0.3922326649111699,0.5089325311797107,0.70206986782998,0.8432866836932822,0.9063833038460795,0.6944011340678724,sd_l2,cases-percentile-boot,5079028617444733642,1454401660,50,4,8,lognorm,1
-0.1925907799868923,-0.16674744849128037,-0.10555228278544934,-0.013093910874681902,0.07585202841621426,0.09920287047240166,-0.06588097433736753,mu,cases-double-boot,5079028617444733642,1454401660,50,4,8,lognorm,1
0.0,0.0,0.0,0.0,0.20427915462181423,0.24432192170714234,0.2106624693275668,sd_l3,cases-double-boot,5079028617444733642,1454401660,50,4,8,lognorm,1
0.5231557042150958,0.562706440768007,0.6786374629203372,1.068764049200602,1.068764049200602,1.068764049200602,0.6944011340678724,sd_l2,cases-double-boot,5079028617444733642,1454401660,50,4,8,lognorm,1
