rand_eff_dgp,stat,n_l3,method,coverage_50_estimate,coverage_50_ci_low,coverage_50_ci_high,coverage_90_estimate,coverage_90_ci_low,coverage_90_ci_high,coverage_95_estimate,coverage_95_ci_low,coverage_95_ci_high
lognorm,mu,15,cases-double-boot,0.514,0.47,0.558,0.894,0.864,0.92,0.968,0.95,0.982
lognorm,mu,15,cases-percentile-boot,0.514,0.47,0.558,0.878,0.848,0.904,0.932,0.908,0.952
lognorm,mu,15,parametric-percentile-boot,0.434,0.392,0.478,0.832,0.798,0.864,0.872,0.84,0.9
lognorm,mu,15,profile-likelihood,0.452,0.408,0.496,0.84,0.806,0.87,0.894,0.864,0.92
lognorm,mu,50,cases-double-boot,0.444,0.402,0.488,0.884,0.854,0.91,0.964,0.944,0.978
lognorm,mu,50,cases-percentile-boot,0.476,0.432,0.52,0.89,0.86,0.916,0.946,0.922,0.964
lognorm,mu,50,parametric-percentile-boot,0.428,0.386,0.472,0.838,0.804,0.8680000000000001,0.898,0.8679999999999999,0.922
lognorm,mu,50,profile-likelihood,0.424,0.382,0.468,0.848,0.814,0.878,0.904,0.876,0.928
lognorm,sd_l2,15,cases-double-boot,0.31,0.27,0.352,0.652,0.61,0.694,0.756,0.716,0.792
lognorm,sd_l2,15,cases-percentile-boot,0.372,0.33,0.416,0.594,0.552,0.638,0.666,0.624,0.706
lognorm,sd_l2,15,parametric-percentile-boot,0.194,0.162,0.23,0.402,0.36,0.446,0.448,0.406,0.492
lognorm,sd_l2,15,profile-likelihood,0.202,0.168,0.238,0.408,0.366,0.452,0.478,0.436,0.522
lognorm,sd_l2,50,cases-double-boot,0.36,0.318,0.404,0.812,0.776,0.844,0.892,0.862,0.916
lognorm,sd_l2,50,cases-percentile-boot,0.398,0.356,0.442,0.69,0.648,0.73,0.754,0.714,0.79
lognorm,sd_l2,50,parametric-percentile-boot,0.142,0.11400000000000002,0.176,0.356,0.314,0.398,0.426,0.382,0.468
lognorm,sd_l2,50,profile-likelihood,0.14,0.112,0.174,0.366,0.324,0.41000000000000003,0.43,0.386,0.474
lognorm,sd_l3,15,cases-double-boot,0.292,0.252,0.332,0.496,0.452,0.54,0.53,0.486,0.574
lognorm,sd_l3,15,cases-percentile-boot,0.35,0.308,0.392,0.692,0.65,0.73,0.77,0.732,0.806
lognorm,sd_l3,15,parametric-percentile-boot,0.164,0.132,0.198,0.382,0.34,0.426,0.432,0.388,0.476
lognorm,sd_l3,15,profile-likelihood,0.19678714859437751,0.16265060240963855,0.23293172690763053,0.4457831325301205,0.40160642570281124,0.4879518072289156,0.5622489959839357,0.5180722891566265,0.606425702811245
lognorm,sd_l3,50,cases-double-boot,0.3,0.26,0.342,0.534,0.49,0.578,0.596,0.552,0.638
lognorm,sd_l3,50,cases-percentile-boot,0.454,0.4099999999999999,0.498,0.804,0.768,0.836,0.874,0.842,0.902
lognorm,sd_l3,50,parametric-percentile-boot,0.168,0.136,0.202,0.392,0.352,0.436,0.454,0.412,0.498
lognorm,sd_l3,50,profile-likelihood,0.18236472945891782,0.15030060120240482,0.218436873747495,0.4228456913827655,0.3807615230460921,0.46693386773547096,0.48096192384769537,0.43887775551102204,0.5250501002004008
norm,mu,15,cases-double-boot,0.54,0.496,0.584,0.924,0.898,0.944,0.976,0.96,0.986
norm,mu,15,cases-percentile-boot,0.534,0.488,0.578,0.906,0.8779999999999999,0.93,0.96,0.94,0.974
norm,mu,15,parametric-percentile-boot,0.482,0.438,0.526,0.856,0.824,0.8860000000000001,0.936,0.912,0.956
norm,mu,15,profile-likelihood,0.494,0.45,0.538,0.878,0.848,0.904,0.942,0.918,0.96
norm,mu,50,cases-double-boot,0.542,0.498,0.586,0.932,0.906,0.952,0.97,0.952,0.982
norm,mu,50,cases-percentile-boot,0.546,0.502,0.588,0.93,0.9039999999999999,0.95,0.968,0.95,0.98
norm,mu,50,parametric-percentile-boot,0.502,0.458,0.546,0.894,0.864,0.918,0.95,0.928,0.966
norm,mu,50,profile-likelihood,0.508,0.464,0.552,0.902,0.874,0.926,0.954,0.932,0.97
norm,sd_l2,15,cases-double-boot,0.468,0.426,0.512,0.86,0.826,0.888,0.914,0.886,0.9359999999999999
norm,sd_l2,15,cases-percentile-boot,0.48,0.43599999999999994,0.524,0.912,0.884,0.9339999999999999,0.96,0.94,0.974
norm,sd_l2,15,parametric-percentile-boot,0.536,0.492,0.58,0.902,0.874,0.926,0.942,0.92,0.96
norm,sd_l2,15,profile-likelihood,0.536,0.492,0.58,0.922,0.8959999999999999,0.944,0.966,0.948,0.98
norm,sd_l2,50,cases-double-boot,0.36,0.318,0.404,0.778,0.74,0.8139999999999998,0.836,0.802,0.868
norm,sd_l2,50,cases-percentile-boot,0.376,0.3321298915417308,0.42000000000000004,0.842,0.808,0.872,0.922,0.896,0.942
norm,sd_l2,50,parametric-percentile-boot,0.518,0.474,0.562,0.89,0.86,0.9160000000000001,0.938,0.9140000000000001,0.956
norm,sd_l2,50,profile-likelihood,0.51,0.466,0.554,0.898,0.868,0.922,0.94,0.916,0.958
norm,sd_l3,15,cases-double-boot,0.344,0.304,0.386,0.718,0.678,0.756,0.788,0.75,0.822
norm,sd_l3,15,cases-percentile-boot,0.548,0.504,0.59,0.936,0.912,0.956,0.974,0.956,0.986
norm,sd_l3,15,parametric-percentile-boot,0.43,0.386,0.472,0.802,0.766,0.836,0.862,0.83,0.89
norm,sd_l3,15,profile-likelihood,0.454,0.4109764700569045,0.498,0.868,0.836,0.8960000000000001,0.934,0.9079999999999999,0.954
norm,sd_l3,50,cases-double-boot,0.322,0.282,0.364,0.686,0.644,0.728,0.772,0.732,0.808
norm,sd_l3,50,cases-percentile-boot,0.442,0.398,0.486,0.866,0.834,0.894,0.936,0.9120000000000001,0.956
norm,sd_l3,50,parametric-percentile-boot,0.454,0.41,0.5,0.852,0.82,0.882,0.928,0.9039999999999999,0.948
norm,sd_l3,50,profile-likelihood,0.47,0.426,0.514,0.892,0.862,0.918,0.944,0.922,0.962
t,mu,15,cases-double-boot,0.494,0.45,0.538,0.9,0.872,0.9240000000000002,0.948,0.926,0.964
t,mu,15,cases-percentile-boot,0.53,0.486,0.574,0.914,0.886,0.936,0.948,0.926,0.964
t,mu,15,parametric-percentile-boot,0.456,0.41200000000000003,0.502,0.878,0.8459999999999999,0.904,0.926,0.8999999999999999,0.946
t,mu,15,profile-likelihood,0.46,0.416,0.504,0.898,0.87,0.9219999999999999,0.944,0.92,0.962
t,mu,50,cases-double-boot,0.514,0.47,0.558,0.924,0.898,0.944,0.978,0.962,0.988
t,mu,50,cases-percentile-boot,0.538,0.496,0.582,0.934,0.908,0.954,0.974,0.956,0.986
t,mu,50,parametric-percentile-boot,0.488,0.446,0.534,0.908,0.8800000000000001,0.93,0.954,0.932,0.97
t,mu,50,profile-likelihood,0.484,0.44000000000000006,0.528,0.906,0.876,0.928,0.956,0.934,0.972
t,sd_l2,15,cases-double-boot,0.364,0.32200000000000006,0.406,0.758,0.718,0.794,0.862,0.8280000000000001,0.89
t,sd_l2,15,cases-percentile-boot,0.392,0.35,0.43599999999999994,0.72,0.68,0.758,0.786,0.748,0.822
t,sd_l2,15,parametric-percentile-boot,0.254,0.218,0.294,0.564,0.52,0.608,0.638,0.596,0.68
t,sd_l2,15,profile-likelihood,0.26,0.22399999999999998,0.302,0.608,0.566,0.65,0.69,0.648,0.73
t,sd_l2,50,cases-double-boot,0.386,0.344,0.42999999999999994,0.84,0.8044184709950486,0.87,0.898,0.87,0.924
t,sd_l2,50,cases-percentile-boot,0.35,0.31,0.39220274386821985,0.688,0.646,0.728,0.752,0.712,0.788
t,sd_l2,50,parametric-percentile-boot,0.222,0.188,0.262,0.512,0.468,0.556,0.59,0.546,0.6339999999999999
t,sd_l2,50,profile-likelihood,0.214,0.18,0.252,0.532,0.488,0.576,0.604,0.56,0.648
t,sd_l3,15,cases-double-boot,0.276,0.238,0.318,0.542,0.5,0.586,0.616,0.572,0.658
t,sd_l3,15,cases-percentile-boot,0.44,0.398,0.484,0.792,0.756,0.826,0.862,0.83,0.89
t,sd_l3,15,parametric-percentile-boot,0.222,0.188,0.26,0.51,0.468,0.554,0.6,0.558,0.644
t,sd_l3,15,profile-likelihood,0.28857715430861725,0.250501002004008,0.3306613226452906,0.6412825651302605,0.5991983967935872,0.6833667334669339,0.7274549098196392,0.687374749498998,0.7655310621242484
t,sd_l3,50,cases-double-boot,0.196,0.164,0.23399999999999999,0.476,0.43400000000000005,0.52,0.552,0.508,0.594
t,sd_l3,50,cases-percentile-boot,0.506,0.462,0.548,0.886,0.8560000000000001,0.912,0.93,0.904,0.95
t,sd_l3,50,parametric-percentile-boot,0.192,0.16,0.22800000000000004,0.466,0.422,0.51,0.536,0.492,0.58
t,sd_l3,50,profile-likelihood,0.21,0.176,0.248,0.52,0.476,0.564,0.624,0.58,0.6660000000000001
